,0,1,2
0,-2.719222,-30.756987,-3.6954627
1,20.048424,8.897811,-20.419409
2,-20.215075,-2.0809166,-15.000801
3,-26.334196,-27.284502,2.3325844
4,-5.996671,-3.5714788,9.643804
5,7.0077095,-27.9741,2.5136228
6,-23.52123,-28.729294,-4.1295414
7,-23.416424,22.947153,19.680313
8,-13.302373,-13.486345,-25.833717
9,-28.498507,-31.567944,15.580511
10,-23.381474,-31.877905,-2.9351223
11,1.7889606,-19.867567,-0.38232294
12,-19.127611,-0.20966521,-12.83356
13,-16.658226,-2.022157,2.8745244
14,-27.925858,9.350711,30.845434
15,-27.925602,9.350673,30.845041
16,-16.495653,21.217588,6.3329625
17,-16.551338,21.782469,5.691298
18,-35.599293,-11.3683,-7.0311265
19,-25.088379,-28.25091,-1.2463526
20,19.730118,-34.664364,11.342852
21,-4.1222463,-23.561298,-13.333434
22,-23.030685,-28.811842,-2.1377027
23,-18.120958,-0.24530025,5.851115
24,-20.61761,-16.758612,-7.9717364
25,8.80232,-20.217255,1.3452634
26,14.67695,-24.591042,-6.4323983
27,-27.599508,-14.963107,-14.432236
28,-10.183205,5.9636683,-21.143875
29,-28.498674,-31.56788,15.580191
30,-26.349457,-27.351484,2.1981356
31,-24.30445,17.956491,-6.668303
32,1.6123388,-1.9543505,-17.804789
33,-37.21537,-10.954642,-9.799943
34,-23.253643,-26.102997,1.6601243
35,-10.618716,24.595932,19.49272
36,9.784885,-20.494173,2.149521
37,6.4112887,9.628431,4.701665
38,-18.172434,1.3114675,7.4372554
39,10.702414,-8.655271,-9.379324
40,-13.175491,-4.2888427,-31.491283
41,-25.806225,-27.40111,-4.680375
42,6.096126,-9.254322,-12.277053
43,-17.12128,16.913973,28.097675
44,6.2195053,11.1814575,-18.124784
45,-23.842205,23.506477,20.127106
46,19.407763,-6.742599,-35.142982
47,0.7203692,-2.0089815,-17.914589
48,-3.148792,-15.409918,11.716852
49,-32.0339,-14.178147,-13.713642
50,-25.144526,17.095514,11.044021
51,-4.057632,5.9511085,-7.3104105
52,-6.5994387,1.7609566,7.417993
53,-36.532215,-10.900942,-8.553365
54,6.39948,-29.513828,2.119947
55,-22.791677,38.09566,5.235916
56,-21.377491,37.338535,5.0131226
57,-8.950083,31.790869,6.2945867
58,-19.035528,31.303389,14.008524
59,-10.891908,24.106787,18.565765
60,-38.503796,-10.77643,-6.301084
61,-25.193518,23.306164,24.686647
62,-3.1379476,-22.812237,27.764544
63,25.004791,-12.728813,-9.969392
64,-25.526495,25.139624,21.309658
65,-19.8947,-5.065892,-17.901798
66,-15.549208,30.889328,13.921046
67,26.715374,-11.99145,-9.929699
68,-31.911734,-15.766934,-15.5789385
69,-31.437914,-15.180376,-15.072919
70,-6.6086054,1.8092742,7.3943253
71,-19.785818,33.144062,11.692806
72,-26.406515,23.71311,21.762526
73,16.336008,28.994823,-12.717502
74,15.45498,43.49259,2.4022803
75,-37.60782,-1.3988336,-1.9811411
76,-37.59853,-1.3778416,-1.962152
77,25.604122,16.27608,-17.625214
78,25.62273,10.150325,-2.8663557
79,-18.170103,26.399141,2.5210025
80,1.481861,13.312039,-19.66842
81,-22.60476,16.369057,11.409218
82,26.87474,17.842241,-22.848577
83,-20.194923,1.3746489,-11.959118
84,-8.59935,30.349218,5.675565
85,23.282,-15.033012,-10.013127
86,-15.476454,32.73864,13.788879
87,6.4584613,-15.25854,-1.43677
88,-12.275497,40.781612,-5.7025127
89,8.717782,11.509445,-18.638233
90,2.2355106,15.776181,-20.034447
91,-17.50995,25.414886,1.4559997
92,5.3317814,-4.3896594,49.047173
93,25.056408,16.717726,-18.498348
94,-27.457287,22.955538,19.461374
95,-36.609203,0.8750072,0.07540124
96,15.690464,43.018654,1.579169
97,24.509214,20.28791,-20.271357
98,-16.764212,23.960005,3.2083378
99,4.969814,-28.989864,2.373027
100,13.015878,-22.93929,-5.6840205
101,-27.858133,22.509127,19.096611
102,-15.857951,31.793571,13.348229
103,-30.71689,-14.280972,-15.240281
104,23.15499,-13.629864,-10.122523
105,8.139313,-21.165154,1.121443
106,8.443661,-18.829279,0.61826056
107,-20.850784,-27.9994,-3.5252178
108,-24.398277,38.95836,5.4672103
109,-7.42775,8.10886,-23.042189
110,24.65781,19.386477,-20.117655
111,16.477842,18.405096,-20.522524
112,-26.321037,-28.059551,0.5773544
113,10.900134,12.828503,-19.560057
114,-25.357485,26.60009,20.953892
115,-9.545922,30.805666,8.571466
116,-19.167282,32.628944,12.328694
117,-23.667944,16.672983,11.254522
118,-28.411175,27.014622,12.037455
119,-18.255722,31.883133,13.251926
120,16.29272,42.90191,0.93731195
121,-17.736757,31.874655,13.252635
122,-36.724514,-12.63931,-8.004269
123,-7.0964713,-2.0556061,8.694845
124,-18.055061,-2.6718678,3.5297897
125,-5.052232,-2.2009952,8.299767
126,-13.969911,16.235416,26.112986
127,13.191961,-23.114801,-5.7635293
128,-20.194994,0.4854817,-12.729832
129,-22.690117,-26.712282,-0.65789557
130,-13.356178,-0.62856036,-30.91695
131,-20.73154,-0.6164017,-12.272142
132,-8.777368,30.753359,6.0337353
133,18.370205,5.1585,-13.2338
134,3.340284,-17.933784,-11.216415
135,-26.341005,10.39198,-0.8561163
136,-3.4178953,-30.34253,-4.2261596
137,19.591873,-6.9782166,-34.376747
138,-16.888529,25.265863,1.7703379
139,7.4088073,-17.822002,0.8584983
140,5.699213,-16.576479,-0.580723
141,-14.546097,14.410136,-12.868174
142,16.416702,-9.8901005,-31.141582
143,-23.437843,-31.143469,-2.9418163
144,18.954538,13.022994,-20.890339
145,7.7660723,12.181049,-18.671377
146,16.204641,14.368026,-20.40639
147,-9.336572,30.875525,7.8066425
148,7.150484,12.466898,-18.677286
149,-13.354472,-0.64996225,-30.920155
150,-1.9897099,9.459129,-8.811936
151,-24.10967,16.799908,11.191265
152,-18.05971,-1.2406225,4.8523564
153,-36.581673,-11.309808,-7.9457455
154,24.806555,18.46701,-19.897585
155,-19.361874,-3.4255702,4.0027122
156,-18.808636,-1.7567317,2.4130168
157,22.795856,-13.384473,-10.996727
158,-7.418938,-14.478666,-29.17434
159,-20.501823,-28.838041,-10.020328
160,24.161327,5.5462923,-15.843473
161,6.481346,-29.52882,2.1785636
162,-17.964907,-2.5994523,3.5170393
163,-24.48182,27.277407,23.413479
164,-21.123806,1.2145803,-10.123206
165,-21.444656,-27.204609,-3.9260244
166,-20.338692,-6.096297,-19.174963
167,-5.91515,-2.1773496,9.327904
168,-30.355738,8.836953,3.2433093
169,-1.167495,-16.176765,-26.166563
170,31.648026,-8.820731,-18.071754
171,-23.713234,-28.275822,-2.9630764
172,-20.36864,-6.0741343,-19.149801
173,5.860535,-16.787537,-0.48078713
174,19.730133,-34.664375,11.342887
175,10.681394,23.950407,1.5689479
176,-27.26487,7.39234,-1.139737
177,2.7653048,20.711954,1.904391
178,-27.356289,-14.076325,-14.272898
179,-29.38569,-15.451834,-13.345778
180,18.880644,10.215681,-8.5287
181,22.123684,-6.822054,-26.481565
182,0.3229281,-21.452204,-1.888627
183,7.6038795,12.8670635,-16.463999
184,6.852435,-14.579952,-1.8870276
185,27.366938,9.237272,-5.731343
186,10.429752,-20.690811,2.6732233
187,-2.4073544,-24.146685,-12.432002
188,-3.0936687,-23.914042,-12.786914
189,-5.9406066,-25.650331,6.089483
190,17.594471,9.229589,-9.698586
191,-10.8724375,-21.624573,-14.43691
192,-6.5346847,-22.203821,-13.513035
193,-15.437663,25.85944,-10.430949
194,-18.195108,2.3245423,8.474167
195,14.105613,-24.023172,-6.175452
196,-15.245884,13.721335,24.433168
197,-16.215553,15.668492,22.950518
198,5.0598574,-32.773373,24.487223
199,-22.84262,38.093903,5.2337184
200,-14.867639,16.022392,25.940195
201,-22.063513,39.20923,6.229767
202,-26.287346,25.118326,20.283243
203,23.53813,5.4462614,-15.555539
204,-24.706968,24.751722,21.18745
205,-15.46475,15.214676,23.66794
206,-15.788703,16.344687,26.758858
207,-13.821619,14.857122,23.575401
208,5.0598044,-32.773445,24.487137
209,-16.536346,16.662428,27.508347
210,-37.885242,-10.937026,-6.8465433
211,-18.19086,2.133442,8.278768
212,-11.010988,23.893236,18.161379
213,-35.869904,-9.921456,-8.933638
214,-6.945009,-27.057398,3.84046
215,-5.7907434,-1.8443127,9.822734
216,-6.487158,32.28569,-23.083685
217,-6.4044995,32.324177,-23.07652
218,31.214033,-0.98598075,-30.125055
219,31.2152,-0.9860311,-30.124123
220,-3.8870504,33.501003,-22.859957
221,24.848406,17.25412,-19.056843
222,-15.065149,14.947568,24.007156
223,-6.5093265,23.634212,-19.141445
224,-6.5092735,23.633928,-19.142178
225,-23.619108,24.797709,21.648972
226,25.914742,-12.332536,-9.947254
227,-3.7206433,3.2532456,-7.7356653
228,-3.8144906,4.0251055,-7.6142387
229,7.7701397,-30.76516,4.2071085
230,9.051823,-18.631132,-0.0997236
231,7.38022,-30.407246,3.6124868
232,-28.278498,26.425901,21.572105
233,-26.070486,25.52448,22.401457
234,-22.882711,27.593218,19.560778
235,-23.139557,37.12356,6.5493455
236,-22.484938,39.073803,3.9193687
237,-29.512901,27.663963,11.474868
238,-5.5603156,-1.2219831,10.741195
239,-28.626808,27.143013,11.929276
240,-29.014126,-0.45978096,59.253407
241,-3.6519656,14.634987,-28.827625
242,30.995726,-9.674977,-17.43931
243,-22.44556,27.988928,19.292467
244,-16.622345,22.501091,4.874855
245,-28.93089,26.729362,21.643791
246,-16.696867,23.2483,4.0188637
247,-25.227135,23.647243,24.055649
248,-25.906294,26.491175,18.204845
249,-20.513556,-28.818617,-9.935675
250,25.634758,-26.088238,-13.3663
251,23.459927,-27.3597,-14.854563
252,23.376646,-2.001601,-16.647411
253,-32.675533,-1.8837574,-25.099375
254,2.903961,15.560281,-6.425849
255,1.9822934,16.447002,-19.581959
256,-34.778748,7.315909,15.008572
257,-20.179506,-20.682255,26.197813
258,39.289837,-16.610773,8.964474
259,23.766987,0.26184475,-14.161468
260,47.20907,7.2817216,-5.219484
261,-28.189903,-15.971951,31.942673
262,-21.904825,-11.205309,-5.261303
263,-17.211956,11.879227,-31.48154
264,-32.743862,8.133497,-11.487293
265,-5.780872,38.53394,-11.496282
266,12.631688,14.623006,8.205999
267,15.525693,11.527718,9.994402
268,-6.608133,-28.941378,21.498709
269,23.620806,3.1313682,16.052162
270,39.60854,-18.874722,8.343162
271,-3.2810435,37.57404,-11.653105
272,12.802272,-7.6008453,-29.272268
273,-10.879075,4.3772535,-16.693033
274,-15.642631,11.970321,-33.459476
275,-2.2683294,18.292297,2.3844235
276,-33.350895,6.3160315,2.6082208
277,29.75629,18.478533,-23.351837
278,15.803377,11.868517,-21.894669
279,7.92424,17.995478,8.957509
280,32.25768,-7.1826854,-19.280058
281,8.809206,6.097713,48.13519
282,46.488228,9.762885,-4.572285
283,-24.634197,25.433414,-18.25399
284,8.809005,6.0976954,48.13672
285,-1.4322091,44.63849,2.5823283
286,1.7944733,14.936672,-5.2609215
287,-0.7737852,8.245805,-10.468366
288,23.74344,1.8748888,17.431328
289,27.248667,17.82085,-24.647379
290,-23.18111,-8.004304,-20.597946
291,-14.541286,18.240316,-16.178272
292,9.468063,-35.964603,-14.051394
293,-17.312737,19.685608,-10.976348
294,-27.17133,-15.748322,-14.722466
295,24.80642,-26.840918,-13.45377
296,45.359886,6.7721987,-1.8242428
297,-20.003115,11.797226,-30.45454
298,19.423359,-6.5627766,-36.274937
299,46.76299,8.57526,-3.2175949
300,10.832866,-8.987791,-10.870492
301,7.8197274,18.182825,7.0692706
302,-28.189896,-15.971946,31.942703
303,31.074575,-8.978805,-21.482544
304,-15.028608,12.048568,-33.935986
305,-12.085809,-5.769553,-30.556822
306,14.843909,11.972087,9.984063
307,-15.212976,3.9943123,42.24611
308,16.988237,-4.4063134,-28.38392
309,-10.631357,4.335661,-17.513847
310,-22.267479,-12.038995,-7.1632695
311,45.194153,9.188602,-2.778748
312,11.65002,15.344854,8.298502
313,-14.384803,18.301327,-12.389426
314,-10.303134,4.2782893,-18.569723
315,21.091248,11.840586,-19.666151
316,9.310033,-8.765772,-11.19812
317,-27.568474,-9.742896,5.946679
318,22.888285,-27.452513,-15.679441
319,-2.7072787,18.34925,-30.09762
320,-27.194262,11.682179,0.14095783
321,-23.781193,26.847795,-18.945017
322,41.74602,9.214741,14.534504
323,20.923422,3.0455754,17.607742
324,42.319885,2.9796348,-19.233469
325,14.721316,-15.552707,-25.391642
326,13.192167,14.645496,7.4874477
327,27.569208,17.950647,-23.682343
328,-5.25007,36.1078,-6.6777916
329,39.039993,-17.59485,9.809619
330,-32.44858,-1.9483826,-25.071907
331,-23.76832,-12.647157,-5.807577
332,10.367929,-10.211066,-40.00078
333,-6.4738574,33.386436,-10.192858
334,-4.3481603,40.89098,-10.677125
335,-2.3631883,36.467278,-19.199902
336,-21.653002,-10.5409355,-4.8003654
337,21.45794,4.9838552,20.557404
338,-9.082392,37.54022,-8.498571
339,-9.860554,4.156478,-19.798222
340,40.270985,-17.941422,10.538772
341,-11.798303,41.57513,-4.3536963
342,-1.2473079,16.162704,-29.870468
343,12.128455,13.276705,12.354623
344,-1.2444639,43.44113,3.3081942
345,-2.5239625,15.763013,-31.276052
346,-5.2064643,37.894276,-6.85435
347,-15.799696,-3.5360668,31.8961
348,41.04933,-19.477863,6.789716
349,24.01883,-28.222538,-12.360809
350,-4.069582,38.104324,-11.355412
351,24.560913,3.5215552,17.60625
352,9.547899,16.925482,8.114667
353,23.701124,2.9600525,17.164293
354,-1.2803158,43.669685,3.1695912
355,-21.003801,-14.164552,-5.510243
356,19.574707,-1.1792773,22.137732
357,47.02243,11.778471,-3.3320873
358,44.834972,6.0953465,-1.2409462
359,45.893368,7.4306016,-4.240582
360,38.930504,-12.602884,14.9315405
361,-14.074153,28.975554,1.3173057
362,2.6753888,8.307009,-8.863633
363,-21.4362,-13.6228285,-5.915517
364,20.01402,6.052438,19.95272
365,29.23324,-29.30278,13.078118
366,12.790305,-8.359795,-34.54065
367,-33.5305,1.8587077,25.212524
368,-12.432369,-21.051498,19.515833
369,-16.438744,17.769629,-10.51213
370,24.449112,-27.16951,-13.486006
371,23.269413,-2.9490812,-16.216679
372,-12.649414,40.313663,-6.544508
373,30.13897,-4.7420516,-20.182507
374,-35.095585,6.976055,-12.419736
375,-17.432638,10.60757,-32.798264
376,-17.911228,12.435112,-33.095062
377,-4.2034183,34.45262,-22.968887
378,-2.928517,10.997176,-13.641461
379,40.16565,-20.89912,7.6767836
380,5.788526,-30.883,1.6198635
381,-4.757297,38.58653,-11.140673
382,-6.5894356,-24.58551,38.81168
383,30.584572,-5.9934063,-19.643448
384,12.557757,13.236959,11.450366
385,-12.390303,-20.856297,19.325035
386,15.973332,7.588245,-17.213015
387,38.51084,-17.842901,9.946869
388,13.242339,12.990391,9.956994
389,-12.602829,3.757367,-23.208033
390,38.930885,-12.599104,14.935672
391,-7.6088247,17.596355,-2.2219002
392,-35.14626,7.076903,-12.612982
393,37.475056,-18.27947,10.233688
394,-13.795427,-15.746242,-29.313375
395,-6.2528663,36.85864,-8.492054
396,-24.588568,-12.810767,-5.6574774
397,-15.894738,25.801262,2.221524
398,29.050686,-29.1066,13.009725
399,11.278853,-7.551758,-11.219952
400,-33.51764,8.867681,-11.951258
401,-2.3747954,36.447575,-19.22027
402,-6.6156397,6.206329,-26.10973
403,-9.164513,3.4838803,-19.950258
404,13.101523,-7.9876466,-34.085964
405,-6.6081247,-28.941423,21.498787
406,-6.247195,35.70321,-9.187225
407,29.828873,-7.8426104,-18.842186
408,19.679888,-0.89983827,21.947763
409,7.06585,18.906626,5.3307652
410,-2.2438924,-32.507343,32.450066
411,-19.352184,10.552978,-29.19747
412,9.727044,-11.709352,-40.28556
413,20.418213,-7.3252063,-28.948742
414,38.930237,-16.235617,11.039618
415,-12.100378,41.059273,-5.225914
416,-12.1306305,4.0058117,-22.801167
417,46.770504,8.575638,-3.2350538
418,10.387596,-10.6594305,-40.34703
419,47.15592,9.154125,-1.624164
420,-22.35106,-12.34304,-6.096153
421,-20.75742,25.366617,-16.102884
422,1.3775064,17.267725,-23.807013
423,-4.4859023,40.14268,-10.811095
424,-34.209915,9.320546,-11.143068
425,1.7886102,16.425684,-23.811651
426,29.970049,-30.094873,13.354151
427,-3.1541567,-38.017662,23.97499
428,-17.803875,26.221584,0.30247194
429,-5.5138965,37.020004,-7.2673144
430,20.864794,5.8120737,-15.010485
431,-33.264637,1.8486806,25.136305
432,1.9653394,15.364586,-6.1426644
433,24.674412,9.335168,-28.210806
434,-12.870233,-8.4687605,-33.620274
435,-19.282871,11.314322,-30.121155
436,10.666304,-8.7058935,-10.749845
437,8.225211,17.84116,8.0653
438,-15.043452,-8.893089,-34.453148
439,16.122196,-5.56349,-27.054193
440,44.377567,5.5036783,-0.7297946
441,-1.2248019,20.409372,0.027617706
442,0.39162275,15.563837,-30.748186
443,-5.301499,-12.282705,-19.900656
444,48.46078,8.997515,-3.6079295
445,6.7595525,17.833355,4.755201
446,23.442457,-1.6420015,-16.94832
447,14.092611,-2.273474,-33.50096
448,16.14843,-5.770935,-26.305714
449,21.666658,4.1900153,18.402283
450,21.961412,6.695139,19.952059
451,-17.23119,11.75407,-32.24142
452,-11.209191,4.4897685,-22.001648
453,7.532661,19.621918,5.2429094
454,19.253885,-2.0295753,22.71605
455,-19.235039,1.8150294,-11.307228
456,-2.4736955,-2.0531135,-42.16034
457,31.097359,-8.578338,-20.729225
458,10.303022,-9.318985,-39.350895
459,-12.604792,-21.841318,20.288557
460,10.2895,-10.127918,43.16162
461,-3.1541767,-38.016064,23.97492
462,16.271032,25.737202,-16.401209
463,-0.794538,7.908464,-11.274606
464,40.035355,-19.817223,7.2561436
465,13.995886,14.091534,10.455283
466,-23.481201,0.1878424,-13.185091
467,-2.2438862,-32.50734,32.45064
468,-17.767284,1.7995816,-14.629458
469,-18.32894,1.5140926,-14.19952
470,10.289838,-10.127784,43.161964
471,46.615353,11.637926,-4.6947646
472,13.836731,-3.1662846,-33.558136
473,-15.799791,-3.5362482,31.896149
474,-20.179586,-20.682253,26.198336
475,28.838268,18.257113,-23.469795
476,-6.224677,6.775755,-22.359846
477,-18.605785,24.681082,1.1781923
478,-6.5895576,-24.585546,38.811665
479,12.4322195,-3.518516,-27.274
480,41.107166,9.001868,14.123183
481,12.877778,-3.7784894,-27.719666
482,40.71909,8.872711,13.873795
483,-3.607477,33.015476,-22.018946
484,-13.567911,28.44902,0.47231755
485,-15.605622,-9.324472,-34.883152
486,-15.212932,3.9942927,42.24866
487,13.306293,-3.6665373,-34.139435
488,21.16216,5.842274,19.569963
489,21.711683,3.8098707,18.10457
490,23.845648,-28.800072,-11.655944
491,7.6500616,22.83144,1.4959974
492,9.58674,12.840571,-31.835695
493,19.742754,11.775375,-16.962126
494,47.232075,12.396945,-2.8092995
495,12.957984,12.642392,9.697229
496,12.203916,11.670032,9.1397295
497,-34.603336,1.8993421,25.520365
498,-22.751747,0.2701116,-13.083444
499,-11.154746,-15.467908,-30.652815
500,-0.74805284,-7.4155946,-1.5187019
501,-3.4986908,-8.935449,19.409023
502,-5.593777,6.7556434,-24.089272
503,13.565376,3.7447777,-38.090588
504,-9.383837,-34.478256,-5.358475
505,-9.407032,-27.73394,-1.037465
506,17.342424,21.910702,13.215946
507,2.4309626,7.436832,2.2914767
508,-36.345695,4.387804,3.1401143
509,23.52739,-16.972815,-9.914599
510,-0.7593613,31.69699,-27.552162
511,9.098483,1.6464102,-5.3459024
512,9.307105,-14.109545,17.24811
513,11.096571,-10.821282,-41.35547
514,10.459722,3.221185,-0.5554054
515,-13.599785,-26.899103,-2.3473015
516,39.227253,-19.850409,6.3967156
517,-8.593288,-28.152452,3.029135
518,-15.022548,-19.737316,-31.072428
519,-28.714718,14.543144,0.45086
520,-1.154908,-8.416878,16.705328
521,-3.6987927,-15.705929,-20.576906
522,21.642773,23.806038,10.117286
523,-13.188296,-27.574152,-0.49744824
524,22.353844,13.8566475,-21.915577
525,-27.749256,2.9413986,-2.0443528
526,21.383383,23.074154,9.604941
527,18.65367,22.804426,14.220276
528,23.560577,19.418451,10.562318
529,-11.642852,29.13818,2.128525
530,-5.275673,-16.265268,14.064951
531,15.132052,29.345642,-15.515693
532,-3.7648828,-0.8252406,-41.484394
533,12.791105,4.4293165,-35.450172
534,0.37515017,-7.8702025,17.46637
535,-16.384342,11.135505,-30.57995
536,18.221943,31.051855,-11.826655
537,18.34402,21.042776,14.544505
538,-29.064215,-1.6097986,0.5568923
539,-40.529526,2.4040349,5.12205
540,7.2425795,-6.762387,21.023932
541,-11.632389,-20.669458,0.36300075
542,-23.594273,36.931877,4.160596
543,-7.283097,-18.022434,-13.527298
544,-28.798063,-0.9680515,0.14974433
545,10.186435,26.995232,0.8396854
546,13.232309,41.216103,1.2923038
547,-16.821873,14.032065,-30.320559
548,4.648442,20.710957,3.7659256
549,-15.924338,-11.476931,9.400428
550,35.517437,8.981067,-11.251479
551,-32.447685,10.284094,-12.22239
552,-8.542071,-35.81801,-5.798471
553,-22.537334,-15.655305,-30.812134
554,-35.76825,3.550485,2.3230448
555,19.174522,-2.2049403,-31.400389
556,-34.367973,5.172868,2.5340538
557,-2.8206139,10.239563,7.7020288
558,-34.42201,20.141834,0.45946637
559,-4.715464,-17.957703,-18.687263
560,-10.168336,-11.261083,-5.0089035
561,15.606025,6.148582,-16.226797
562,-16.493511,18.809555,-11.236443
563,-15.307434,31.672768,12.125314
564,-28.618357,-13.316021,5.86934
565,6.650623,-3.2582834,8.654275
566,13.710932,3.867589,-37.283707
567,7.935139,13.011894,-14.67313
568,-0.36465055,-8.681495,17.319447
569,-3.0282753,-1.5587392,-41.212387
570,-9.404871,-26.996279,-1.7193685
571,-18.274801,-3.441634,-9.926652
572,-25.148432,16.909319,-1.6958869
573,18.202368,21.901356,13.979232
574,-13.898317,-7.812022,-33.54076
575,3.607375,9.021271,3.1377769
576,-0.77319145,19.507336,1.6339239
577,19.246231,-24.071314,5.1618786
578,-21.80777,-23.92938,35.052383
579,-2.2362514,-16.753807,11.140944
580,-7.138879,-8.246738,44.343674
581,18.420835,-2.8232522,-31.140333
582,5.7083817,22.348654,-14.109539
583,29.19193,11.78132,-6.2362337
584,-34.455196,2.7964897,1.3365691
585,-13.069206,-6.5572023,-36.562378
586,-7.30531,-29.288874,-4.594515
587,-10.074496,-21.813673,-19.550714
588,2.3974116,13.985035,-21.803396
589,-8.069487,-30.503645,2.6640108
590,40.366646,2.6883307,-22.21689
591,31.153084,-6.7732697,-17.657993
592,9.047832,1.6440237,-4.961939
593,-6.9750614,-5.48422,-13.077766
594,10.623315,4.1847734,-0.09859532
595,-19.495161,9.917816,-28.397457
596,-2.0518348,19.515196,0.86466616
597,7.2611504,-17.302147,1.9735346
598,-33.208393,-15.832039,-15.470563
599,-1.1517506,30.97619,-28.21082
600,-3.227177,19.456852,0.26268494
601,14.379781,29.698368,-15.73963
602,-28.058577,-12.719539,6.003557
603,20.911945,-12.138892,-8.464498
604,-25.595377,25.450083,-21.660736
605,-1.0091412,-11.213125,13.769467
606,24.896961,20.848112,14.64128
607,7.4879093,22.84027,-13.490138
608,26.164534,16.406115,10.666673
609,6.1591353,23.37458,-12.274941
610,19.46071,-6.443468,-37.117653
611,-17.940145,-17.806358,-7.454473
612,-17.822065,-11.517178,9.365606
613,7.8302827,-4.8333626,-32.202045
614,-40.71969,1.6047602,5.52437
615,-27.858332,2.3488603,-1.5933852
616,18.646708,10.834068,-10.312734
617,-4.866552,-15.264466,-21.845297
618,-3.4321408,-8.718165,-13.078845
619,-18.123951,-12.681791,10.614611
620,-1.5295763,19.804834,18.084518
621,18.910545,31.282618,-12.733175
622,14.881811,-14.124069,-23.700226
623,-0.62286234,8.725131,8.120894
624,-2.1553528,9.779189,7.830099
625,-7.1386333,-8.246736,44.343815
626,-1.1921464,7.7212443,7.565848
627,-41.22648,4.0988536,3.742055
628,14.869175,-14.0089035,-22.883364
629,26.55644,9.786344,-28.769655
630,7.926533,29.662512,-0.9701948
631,-10.527888,-10.678348,-4.1515217
632,19.359375,-12.283627,-6.3272266
633,41.007294,1.9945385,-23.401133
634,-9.536399,-34.899517,-5.4080753
635,13.730221,4.959424,-16.064907
636,-8.240819,-21.930897,-14.17501
637,20.581554,-10.74789,-9.209063
638,-16.930916,15.789295,-4.349672
639,-3.7154825,11.495852,-13.097901
640,-22.739517,-26.263042,0.6183508
641,-13.233705,-6.4599357,-32.274963
642,-10.073648,-16.132553,-34.50073
643,6.5538287,-0.32557508,8.290921
644,25.998816,21.842896,15.947104
645,-10.835187,-15.814394,-33.293167
646,0.700027,7.746173,8.498449
647,-16.16235,25.87039,-9.7596445
648,5.609622,6.0610356,1.6180168
649,13.791349,4.9179206,-0.19110276
650,20.605808,18.117582,10.999659
651,-1.9831297,17.987276,-3.1292512
652,-5.025708,-12.715691,-18.978968
653,13.898847,3.137939,-34.82315
654,-1.3345913,32.02725,-26.688602
655,-15.256928,21.207247,-12.612692
656,-7.5093923,-10.324238,-3.2874613
657,14.925597,-14.373474,-25.468555
658,-2.2543566,20.556725,1.8379045
659,34.324684,8.600565,-12.544556
660,-33.111828,-17.894094,-16.654041
661,-41.8348,4.426295,3.2452579
662,28.391705,8.691754,-4.3158326
663,26.136051,22.590609,9.850604
664,2.2777357,-11.904947,-35.341576
665,-1.6871281,-13.5639105,-25.633429
666,25.930006,20.927013,2.4871356
667,26.049284,16.914692,11.621211
668,-5.454367,-12.81181,15.745711
669,11.201797,-10.535163,14.270801
670,-6.691574,-12.572661,18.295893
671,26.774237,22.170845,1.5692463
672,-7.516346,-28.51127,3.0798845
673,20.918577,18.429028,10.18781
674,-26.954079,-11.545988,6.263884
675,26.64466,21.260153,2.1363003
676,17.168657,31.570799,-11.78274
677,0.88898313,-15.600098,-24.792599
678,8.111222,14.073717,-14.691398
679,-4.619969,-11.780239,-20.485485
680,23.417078,-16.11468,-9.954067
681,-34.172997,20.8605,-0.13642158
682,-14.316829,-15.340509,-33.507706
683,-3.1599717,33.036137,-24.022802
684,-2.3721375,-17.447498,-24.931168
685,10.699283,-9.279634,14.03409
686,2.6330197,34.83612,5.9135528
687,3.5308864,5.6555896,2.7079692
688,-27.887506,15.4643755,-2.9849353
689,-7.5580196,-28.520975,-5.185905
690,-6.623507,-11.905949,-20.039366
691,7.2302017,-0.57221514,8.778905
692,-1.7677408,-19.514566,2.8780346
693,-4.083617,-17.4031,11.5499735
694,0.2115319,-11.698587,13.708434
695,-40.28499,3.592422,4.5730925
696,-5.561797,-19.77452,-17.118296
697,-7.015528,-29.24487,-3.6163924
698,-7.4903784,-20.04628,-15.639151
699,8.427763,-12.745034,14.838913
700,18.35111,28.661316,-13.371296
701,16.282537,-9.180331,-31.013378
702,-7.426701,-11.651363,-20.110811
703,10.435083,2.1354556,0.8455851
704,-28.095644,-0.102069706,-1.9614785
705,11.640749,-10.606881,15.189793
706,-6.8222027,-28.435339,2.1838539
707,19.007025,12.988735,-19.387781
708,-8.259817,-31.241592,2.5579624
709,-21.818361,-15.27802,-31.1022
710,19.841993,-1.6547076,-31.637215
711,7.9436283,-16.631575,12.525749
712,-19.40791,14.9674635,-3.8573146
713,16.77039,11.016103,-10.022657
714,-18.386158,-27.698105,-3.1188438
715,-14.463982,-6.957248,-33.976536
716,24.477367,19.311083,3.8390412
717,0.24530083,25.526703,38.215343
718,29.902138,12.197444,-4.4143815
719,-0.48802826,16.592985,16.225475
720,23.028683,20.369032,10.423296
721,-28.62543,0.7754291,-0.5929809
722,30.39469,-0.7658048,-2.7069118
723,39.951622,3.9568603,-23.062294
724,-23.108953,6.0083804,-17.955893
725,-7.393814,-17.344624,-13.493388
726,-13.198604,-13.753273,-26.595005
727,2.832801,8.965752,0.4744274
728,14.501248,7.505331,-1.1638153
729,-5.8798037,-12.3765335,17.881521
730,-14.019987,-28.904392,-1.8880404
731,4.767936,-15.916467,0.21829748
732,-17.026651,-3.5706909,4.418781
733,-4.4832773,-16.505846,13.264155
734,-17.071758,25.16268,-15.789007
735,-8.089563,-17.037157,-37.02268
736,-15.109836,16.278711,-5.0041065
737,15.083506,-6.091772,-31.084187
738,-13.589034,-13.469643,-29.494864
739,13.7208605,6.8791256,-1.5110658
740,-18.740273,-4.1272645,-9.662118
741,-24.581825,25.11079,-21.11858
742,-26.553106,-11.789104,7.436504
743,8.120262,4.493109,0.5531896
744,-14.170496,-19.750374,-31.31695
745,-2.6614006,-19.176151,11.851017
746,-31.384666,20.17394,-0.021354891
747,-7.8555784,-24.986221,-1.5190479
748,11.581595,0.9357702,4.0133524
749,6.296483,9.757069,3.7968535
750,-6.7058086,-24.596596,-16.764519
751,-0.61344314,-6.4403744,-1.6355317
752,16.148336,-14.459495,-25.573889
753,-11.283582,23.405193,17.236996
754,19.390837,17.652527,-25.913746
755,14.244108,26.245584,3.4134862
756,16.29561,-15.779683,-31.089718
757,-9.645749,-21.990675,-18.788961
758,9.069767,-13.730279,16.588097
759,16.908249,0.12586546,-26.558239
760,36.14524,8.268417,-10.465365
761,6.1651716,-6.089058,22.494598
762,-2.5711856,-24.77893,9.940784
763,-0.16827384,-11.55584,11.845204
764,-12.9766655,-19.31457,-25.338968
765,3.3142245,2.1575892,13.573521
766,-13.650136,-40.680546,50.265575
767,-32.25765,-8.128735,25.643932
768,-21.201809,-26.195787,-2.2784066
769,-24.559996,17.676363,-7.4124374
770,-22.85743,3.5411692,-18.491768
771,2.690308,35.011932,7.272182
772,-1.3797462,-8.721635,11.909464
773,-23.10885,2.9039576,-19.006454
774,24.547905,21.45864,10.185262
775,0.5377156,-7.9308505,-13.028528
776,18.48121,30.199032,-10.989728
777,0.7629489,-10.559076,13.742199
778,-7.644252,-22.407644,-16.17949
779,-17.0207,-12.330427,10.222507
780,-7.8902,-30.502796,-4.870274
781,0.21714354,17.633198,-30.285673
782,3.6393242,35.431698,4.9596796
783,22.787376,20.392548,9.113536
784,5.3632765,20.365774,3.2278085
785,4.149943,4.0810895,-28.172623
786,16.390715,28.749912,-15.200033
787,-2.7647982,-6.42068,10.572627
788,-22.419287,4.337012,-16.662882
789,1.2589215,8.62173,-8.757508
790,14.221425,4.4073105,-1.6566966
791,-22.071177,-26.316843,-4.328968
792,30.579327,-7.152758,2.5124855
793,13.349247,-7.096924,-29.471973
794,-13.192687,16.488895,-4.491048
795,18.844522,32.067245,-11.026186
796,-3.1755042,-16.829456,11.963882
797,16.988533,29.207863,-13.299995
798,14.838807,5.635889,-16.120525
799,15.25171,3.8865929,-35.798134
800,-4.54968,-13.858656,16.906317
801,-1.747002,-29.350891,-18.919287
802,7.92604,12.334076,-14.054302
803,-0.1811063,-10.116169,-1.3385264
804,-10.073365,-35.46725,-4.2960224
805,2.9257314,14.955628,-24.599623
806,10.308419,1.5856147,1.3752486
807,9.69358,-16.10477,11.932932
808,42.528538,3.3892157,-20.366337
809,19.485048,-11.346781,-5.9127235
810,-23.812374,6.593853,-17.266237
811,31.082405,1.1936392,-9.110533
812,18.584566,18.773138,-26.185526
813,-9.244126,-16.325024,-37.05569
814,-11.84387,-19.73022,-23.939709
815,-9.997252,-26.959862,-2.5627348
816,-0.6998839,-13.320831,13.574172
817,16.910679,-13.057876,-31.744768
818,17.262133,43.388626,0.6347907
819,11.299539,42.398643,2.8203034
820,-1.9741862,-19.315258,0.07829237
821,17.276213,29.32794,-16.016975
822,-2.362228,-1.3164991,-40.40892
823,-8.39249,7.595927,-24.716324
824,-0.6400199,8.01208,-8.268306
825,7.9578857,29.601505,-0.94263387
826,-4.152323,-15.339698,-21.282265
827,10.614522,24.993305,0.6501943
828,-34.76598,2.1663432,4.759962
829,8.497861,-12.360458,15.100675
830,9.553525,11.203565,-32.88922
831,-26.360415,-27.17976,-5.1241493
832,-12.819681,29.519949,-0.4434569
833,-22.461506,4.5701957,-17.633833
834,13.033827,7.245965,-2.140566
835,10.937768,25.727102,-1.8685722
836,-12.905173,27.51525,0.5736283
837,4.925524,-17.181858,-1.624971
838,-4.7265077,40.993828,13.521983
839,17.269873,-12.891134,-32.73562
840,14.7433405,-4.975474,-29.354086
841,8.978591,25.981903,2.5653937
842,-3.3378723,-31.826141,-17.616053
843,43.512794,3.9681745,-20.464317
844,-4.6040936,39.71646,12.963507
845,-7.1134887,-29.031086,4.0505266
846,-13.425177,-20.120773,-31.638144
847,-7.907856,-19.721518,-10.5894
848,-21.840204,-5.786203,-18.512863
849,-10.503098,-35.05237,-6.358491
850,-17.096678,-14.775305,12.3791
851,0.24533181,25.526697,38.214016
852,13.111317,-21.661907,-20.510084
853,4.612275,8.021363,1.6931114
854,21.727879,-12.0436,-7.887961
855,10.131523,23.922396,-0.25195822
856,-7.8442025,18.438372,-2.523888
857,-20.78567,-13.385122,-31.617653
858,7.2750287,-13.560927,14.910929
859,17.65212,-12.216157,-6.8508973
860,3.9698725,14.29557,-33.543537
861,-24.827902,17.383642,-1.3866562
862,25.437029,22.090971,10.000562
863,16.364178,27.507479,-15.534742
864,-20.462072,-4.763944,-20.170172
865,18.533815,14.293514,-20.941109
866,-6.081653,-5.594259,-12.89156
867,-4.2928085,-28.623001,-5.2141495
868,9.000916,2.9453647,-5.930711
869,-12.128552,-14.833073,-29.018913
870,17.1149,22.910267,-18.82435
871,40.567245,2.8072214,-22.397074
872,7.3992853,-11.013302,16.400288
873,-6.8524933,-17.761337,-37.317528
874,9.949933,25.742586,0.8026158
875,-20.23926,-7.4289274,-18.075987
876,15.2575245,-15.63329,-28.66336
877,22.771776,20.516329,3.0432467
878,-14.491988,-14.811491,-30.920574
879,4.6979084,-5.3612285,-25.772186
880,-5.857583,-22.75059,-15.39718
881,-20.734045,2.4827855,-12.109359
882,16.213562,24.070005,-17.40079
883,7.208827,23.188927,-27.060175
884,26.208735,10.506993,-21.354357
885,11.24245,40.39061,-12.537357
886,-16.366741,17.190315,-17.884163
887,-8.175258,-23.764006,-12.290656
888,-25.973278,-11.927079,5.5544353
889,13.501657,-14.170605,-25.709074
890,27.795464,20.6612,2.2481186
891,-2.3549092,-19.832823,11.921582
892,-6.7471066,-20.806622,-15.24808
893,-10.82815,-13.161559,-29.727774
894,-1.7554185,-7.676413,-12.609925
895,-4.7217627,-19.006516,-38.17572
896,-16.905573,-14.289298,8.047538
897,-31.696257,-15.656122,-16.989023
898,7.833148,-12.033917,13.580811
899,2.8053496,34.732346,5.7694306
900,17.00278,10.41099,-8.221099
901,8.628886,-16.297812,11.730748
902,-5.1703315,-13.118426,16.65487
903,-10.613674,-21.518505,-20.573175
904,-11.074995,6.632149,0.013261005
905,19.71902,11.881707,-25.310444
906,-2.083646,-29.52032,-17.7675
907,20.657103,3.8427477,-15.203979
908,-6.042625,20.035261,3.3937147
909,18.16126,19.408117,-26.378485
910,-8.763919,-16.632029,-36.95349
911,-14.29316,28.30665,-0.4076254
912,-20.74425,-28.438175,-8.270412
913,-16.252832,19.25714,-13.358771
914,20.364187,-12.893925,-8.901504
915,22.684803,18.319283,3.056434
916,23.347214,19.800743,14.096912
917,-14.031071,17.922842,-5.3777194
918,-1.296466,8.130979,9.575368
919,30.228441,1.5581235,-10.86261
920,-11.587061,-7.1300526,-35.897476
921,14.441468,-15.17999,-28.895773
922,-16.978584,13.282689,-30.693005
923,24.13886,20.166746,13.90797
924,-18.341103,23.452139,-15.205612
925,4.6634903,21.99517,4.411198
926,-13.432568,-21.701004,-0.2314302
927,4.425228,7.9032254,-9.159229
928,-2.75766,-30.771082,-17.675299
929,-3.05223,-8.030104,-11.277625
930,19.8545,3.7958798,-13.461487
931,-1.6335623,-19.692984,1.9532936
932,-4.168763,-16.30811,9.535944
933,-13.951308,16.683727,-5.3473277
934,47.802536,7.239706,-2.63974
935,41.744267,3.1752117,-21.247753
936,-1.1795757,-29.48629,-17.072557
937,-6.9374895,-10.525737,2.3931987
938,-27.293335,10.662028,-0.36082274
939,-2.5330565,-9.592831,-0.8623252
940,-13.6441555,16.39357,-6.4123363
941,-17.756754,-4.2938247,1.8448981
942,20.351051,-6.957654,-28.39883
943,2.7025251,33.482647,5.2447615
944,20.41732,-10.063068,-9.580599
945,2.1394753,-31.12245,-16.269876
946,25.52199,21.414038,15.373345
947,36.52275,9.651448,-11.645706
948,-32.089626,-16.686756,-14.006637
949,-20.580997,0.66114056,-13.973711
950,-1.259263,18.24126,15.490432
951,-0.12283546,9.635895,8.841906
952,-37.639126,-20.361776,-2.3923116
953,20.776638,22.918364,8.919039
954,19.447529,-14.147712,-4.9647365
955,1.0257533,-22.128878,0.0729081
956,-21.23903,-27.758816,-5.380784
957,9.718981,40.963367,-12.1835165
958,19.945642,17.134815,-25.975391
959,19.408113,7.9007816,-14.960157
960,9.48028,12.191422,-32.26676
961,16.230734,22.031803,-17.351435
962,8.453193,-5.095605,-30.387833
963,2.5896528,-12.129202,14.914547
964,-27.271597,8.327258,-0.94751537
965,-12.331439,-19.462027,-24.653109
966,22.446674,20.818743,11.148694
967,-16.481419,17.096992,-18.096079
968,-3.3454752,-8.854188,19.373041
969,-8.508524,-31.931791,-5.085401
970,-16.017584,-12.65145,10.732104
971,-20.202724,14.512055,-3.7453907
972,-10.00693,29.781881,3.897457
973,6.9719415,-29.284817,0.614651
974,-27.242468,-10.73738,6.11747
975,-4.7724233,-18.976894,-38.155304
976,-13.604022,-24.818764,-0.5352445
977,-21.807756,-23.929937,35.052357
978,-4.539769,-29.607088,-5.200692
979,3.174459,7.107006,4.0086427
980,-17.079887,-14.205254,11.87102
981,-16.946995,-13.585064,8.859415
982,1.0854248,-12.476631,13.176787
983,8.850051,25.819197,0.40805852
984,4.7443843,20.375067,-25.484505
985,-3.545119,-22.566383,10.632013
986,8.129139,-4.9493318,-31.405516
987,2.8265724,-10.611875,11.903555
988,9.961251,-7.3591404,1.3067825
989,25.27534,18.434002,12.980609
990,-24.766716,17.352123,-8.474466
991,-26.964527,0.46432152,-0.29825836
992,21.987852,-6.831668,-26.627146
993,-0.28931925,-17.771221,-25.285849
994,15.472347,-16.522306,-28.313372
995,-23.049278,7.124822,-19.388702
996,8.3520775,-5.237165,-29.336025
997,30.56359,8.891602,-28.89908
998,-12.5186205,-6.9656963,-35.900253
999,-7.8499303,29.62134,5.2722898
1000,-7.774868,19.367245,-2.7380037
1001,-1.0440878,-9.096275,0.18194665
1002,0.91261685,-9.927295,-0.76809365
1003,-24.611786,25.481894,-20.405815
1004,22.335201,17.635378,2.8040347
1005,-1.8513498,-15.546859,-24.449514
1006,2.6954124,14.557491,-20.777815
1007,-1.3786004,-16.31135,-24.711363
1008,18.657999,12.728279,-22.23866
1009,-6.5292625,5.8429666,-26.880741
1010,-4.629162,39.978695,13.077992
1011,-8.167051,-27.75127,-7.988958
1012,-18.697943,18.329563,-9.829312
1013,-31.129221,8.897449,2.5602398
1014,-12.730591,-14.93418,-30.330143
1015,-18.26085,23.592506,-13.296833
1016,30.53492,10.626253,-5.4488163
1017,26.916723,16.62061,9.973713
1018,20.95569,6.4994993,18.341345
1019,28.219389,-0.10280185,-2.4801989
1020,-24.28909,25.947933,-19.065397
1021,4.885885,7.056685,3.3019092
1022,13.633991,5.1748495,-0.98939085
1023,-18.020542,25.325874,-14.043703
1024,-33.46659,9.213384,-12.9540615
1025,-6.23707,-18.52302,-9.374838
1026,20.159483,-2.7927027,6.32494
1027,-0.6867921,8.9889345,-8.705255
1028,3.878154,7.2653155,2.441364
1029,-2.3161743,-11.925542,67.9266
1030,-0.7367363,15.275499,-6.964665
1031,23.284407,19.990255,5.3033724
1032,6.30049,23.31434,-13.459788
1033,14.366001,5.355247,-35.118313
1034,1.1787277,18.764166,17.844574
1035,-2.7657652,19.087776,16.58142
1036,-0.9517035,16.04871,-31.240597
1037,-4.1732497,22.281937,-0.78129166
1038,16.001112,-4.329787,-30.511919
1039,9.098454,-33.632183,-11.994185
1040,6.7512364,-2.811962,8.678601
1041,-8.603854,-25.968458,-1.583526
1042,-36.882076,2.665577,2.386547
1043,-23.238182,-6.5335813,-21.659506
1044,-7.0629487,-11.514262,3.7037432
1045,10.511766,42.161934,-12.996472
1046,-16.529226,23.161503,-15.454763
1047,23.618368,19.711794,3.709486
1048,-26.958317,13.957899,-2.108143
1049,-5.3809066,12.582928,-12.646687
1050,-1.3151491,18.330778,0.29021037
1051,-0.03102612,13.695975,-24.35036
1052,-6.9687304,-23.817171,-14.424974
1053,-2.7349389,16.987986,15.8057
1054,-24.558973,9.795649,1.8363259
1055,-7.776996,-16.186071,-28.732653
1056,3.3440561,20.648422,2.7019806
1057,-27.298185,6.0051317,-1.3492045
1058,-28.56656,11.341975,-6.7836833
1059,20.293957,-7.3691907,10.084813
1060,-2.9226663,7.021752,-7.786813
1061,-21.504868,1.2374558,-9.2885
1062,-4.541165,5.977011,-8.288921
1063,-0.9689434,20.124725,16.02342
1064,17.505253,3.1039093,-25.195549
1065,-0.28269756,10.038379,-9.162226
1066,-16.020546,24.256073,0.7020352
1067,-2.9539096,-15.164616,-24.528492
1068,4.6657314,22.777733,4.793792
1069,-2.882327,-7.8378825,-12.295043
1070,-11.915949,-16.977077,-29.23988
1071,15.958735,-6.518513,-29.426975
1072,-4.647907,-30.212477,-6.005181
1073,29.063581,-2.7861385,-3.3209524
1074,31.174318,-7.5926414,-18.843939
1075,20.220753,4.9592977,-14.022186
1076,-32.033737,22.002834,0.48066935
1077,-1.286894,17.185604,-31.66346
1078,-6.032827,-10.738321,-0.54296064
1079,17.649544,12.69233,-20.666904
1080,-1.496614,-19.891737,0.69976187
1081,-6.003719,19.29657,3.0522497
1082,-12.635344,-14.384629,-30.869045
1083,-5.222895,-19.074343,-17.701923
1084,-24.074978,-27.165201,-2.8966637
1085,-11.492805,-22.764025,0.72657573
1086,-35.87905,6.8811727,-13.586298
1087,25.625063,15.383164,10.48745
1088,0.9407058,14.278549,-24.178755
1089,-18.44086,20.958101,-13.95531
1090,3.209887,20.071291,-10.86204
1091,20.235699,17.80277,-13.726732
1092,-7.165653,-22.405703,-14.877628
1093,32.66779,-9.208642,-17.871328
1094,-4.549996,12.039189,-12.850206
1095,-2.8361168,-28.647907,-17.46725
1096,-0.07073035,9.13978,7.047237
1097,11.768141,24.814056,0.025016308
1098,-31.479464,9.774563,2.1480145
1099,26.183546,4.3246303,-8.421353
1100,-5.4885783,-4.828085,-39.494442
1101,-17.639244,24.119135,-14.5560465
1102,-1.2624384,16.935492,18.58462
1103,0.7144257,15.313674,-8.367046
1104,11.254476,2.7512112,-1.1485616
1105,30.57229,8.889477,-28.898958
1106,-3.3494477,19.375055,-0.94779617
1107,-3.5679498,5.8037033,-6.344846
1108,-25.286543,10.334729,2.0491643
1109,20.877745,14.334044,-19.11132
1110,-35.30875,3.3057308,1.9868258
1111,-1.7824893,17.660936,17.712626
1112,-29.694983,17.478159,-5.1815577
1113,6.10343,13.162948,-18.221056
1114,-6.4941254,8.258527,-24.68531
1115,-5.546939,-11.226162,-0.33107767
1116,14.967295,-2.4618638,-29.794876
1117,0.15822789,30.019989,-5.638026
1118,15.475188,-5.2379756,-30.19691
1119,24.622826,10.507314,-19.840775
1120,-27.652672,14.266477,-4.7007627
1121,2.2045414,13.954453,-33.115772
1122,8.765146,40.69994,-11.700218
1123,9.595673,-33.075916,-11.589066
1124,-13.839753,-27.36887,-1.3679174
1125,7.531802,-7.4865775,22.693802
1126,-0.45007476,-21.245201,-0.12322061
1127,25.442598,9.93142,-21.093931
1128,0.1583059,30.019854,-5.63812
1129,16.679544,12.844049,-18.06476
1130,-9.796669,17.98646,-3.4207425
1131,-32.86851,6.400642,17.343891
1132,18.475397,0.14440246,-12.132188
1133,0.20277975,-12.01367,14.9730625
1134,27.26737,3.2109997,-6.4935384
1135,-29.738218,11.301474,-7.4224806
1136,14.086438,40.544815,0.5196473
1137,-32.040848,21.375046,-1.4722289
1138,1.5475343,19.152142,-8.717073
1139,7.735522,14.005474,-19.053572
1140,-7.5029206,-15.302486,-28.750238
1141,-16.212091,18.7481,-12.248758
1142,32.806313,12.684993,19.191345
1143,11.885145,42.053627,2.368003
1144,18.08343,12.352204,-8.704396
1145,-0.93103904,15.258085,-32.35549
1146,22.359955,-27.536728,-16.442781
1147,-33.8637,13.802347,-3.3174553
1148,19.11577,5.0325947,-15.044174
1149,-4.238244,19.638397,0.711025
1150,-1.3013014,-11.200342,0.20381631
1151,-7.417964,6.095738,-23.817692
1152,-19.805202,25.019682,-15.573963
1153,-11.273676,-11.191224,-3.5331314
1154,-8.752959,-23.56845,-15.173098
1155,-35.48801,15.370448,-2.9020483
1156,1.8571393,13.346817,-33.253044
1157,-4.3230023,9.697989,-23.013298
1158,-34.06119,7.1931777,15.460381
1159,12.087376,25.54511,1.855338
1160,-2.8242357,19.279501,14.175002
1161,-12.84977,-21.70796,1.6346565
1162,2.310099,15.149195,-23.886444
1163,19.285782,11.702188,-20.760864
1164,-1.621331,-9.36348,-2.5136163
1165,8.103289,-15.493969,10.867862
1166,-14.941766,-27.188717,-1.0198023
1167,20.633472,18.178705,9.258082
1168,0.095851175,16.690687,-7.050209
1169,20.650152,18.813686,-12.988976
1170,-25.183058,13.475816,-5.3834076
1171,-11.789677,-22.02546,-0.93935066
1172,-9.362418,-26.901299,-14.970511
1173,29.5231,-3.1567118,-20.770725
1174,-8.071673,-10.502696,-2.3382974
1175,4.067227,21.095127,-24.52419
1176,-8.844524,-10.2230015,-1.6093076
1177,-17.180899,17.454924,-12.943122
1178,-25.560022,10.807046,2.8174686
1179,32.806293,12.68501,19.190763
1180,-7.889998,37.352364,-8.472207
1181,10.204098,41.099392,-12.429983
1182,28.613934,-3.4178631,-1.7119002
1183,-14.262305,13.667808,-12.974204
1184,21.585644,4.567072,-13.611326
1185,18.67091,0.37862894,-10.269854
1186,-3.5246122,9.325808,-23.147007
1187,-2.8716967,17.452204,18.341661
1188,25.236637,4.3666153,-9.156337
1189,-1.3859987,18.327559,16.668367
1190,-22.916908,-12.719694,22.422377
1191,-6.828714,7.230557,-23.919754
1192,-7.1384125,-10.567979,3.070822
1193,-8.018203,-11.68346,-2.2502537
1194,-1.108467,-9.9308405,-1.198946
1195,0.43223757,15.833606,-7.327712
1196,5.331912,-4.389552,49.04723
1197,22.2585,21.127287,2.6567519
1198,16.813015,17.571955,-20.6592
1199,-13.2127,-21.586494,2.4650156
1200,-2.5555627,16.628149,-33.863155
1201,-0.8802941,-16.926723,-23.582346
1202,17.819817,10.508436,-9.319311
1203,-33.448494,-18.490341,-16.956053
1204,-1.7470174,-11.237996,-1.8480781
1205,-15.31074,18.036083,-15.985515
1206,-17.634525,-2.525486,-10.273461
1207,-27.994518,10.110995,0.49534565
1208,-0.093719706,18.554873,17.053476
1209,4.60262,19.452898,-25.639963
1210,-13.570351,18.137947,-12.410592
1211,-35.036083,2.541559,4.112322
1212,0.837425,18.367826,14.558783
1213,1.0221612,18.844366,-9.5572815
1214,20.719212,11.625094,-22.415342
1215,8.170416,-5.6480956,22.769615
1216,-14.689525,26.018768,-10.801328
1217,-8.070195,-8.787479,4.357049
1218,-17.909271,16.634325,-13.3243
1219,14.011213,4.126048,-35.599453
1220,1.2067906,18.102915,-10.22919
1221,1.6042268,-12.437971,-1.0887858
1222,-28.973175,14.87048,0.9595595
1223,19.812681,14.249997,-23.09689
1224,-31.854124,21.297253,-0.37691113
1225,6.155925,13.3687315,-32.562946
1226,26.652744,9.759847,-3.8098848
1227,17.940235,3.806048,-10.496987
1228,-27.252455,14.017187,-3.3452158
1229,-39.647854,4.2038035,5.0040107
1230,-20.694292,4.9116225,-17.958847
1231,-19.922766,-16.10049,-8.009367
1232,15.881227,-4.829781,-32.820896
1233,-4.785056,10.487527,-22.710495
1234,6.479351,24.293022,-14.054832
1235,-20.165169,-26.075788,-4.4573526
1236,-2.93403,16.762108,-34.462173
1237,18.127224,10.551255,-22.466778
1238,0.101041615,-21.34051,-0.34994423
1239,-24.254177,27.766989,23.890799
1240,19.97914,6.0617347,-13.403269
1241,-12.270214,-21.868858,0.32157803
1242,-5.8602657,-18.198896,-8.871298
1243,-14.454199,-8.174924,-32.381104
1244,-7.5894513,-8.654108,-2.0821683
1245,-7.681706,-9.522524,3.818835
1246,-6.105649,-15.283626,-27.559196
1247,-10.327055,5.0226226,-21.166513
1248,-3.9090173,17.695724,0.120892994
1249,-12.84785,-5.595935,-31.503428
1250,26.601759,-18.464275,14.993194
1251,16.83603,-19.146631,19.778484
1252,7.9896855,-28.305296,33.558353
1253,-26.418251,-28.330372,25.252363
1254,0.68091255,0.28985375,42.68143
1255,-5.9528685,32.95234,23.038143
1256,-22.251287,-23.761267,8.3032675
1257,32.313343,-6.6278014,18.774725
1258,-11.4609165,-42.687122,6.9715776
1259,-21.44184,-21.862513,17.382463
1260,45.14639,-3.2074366,6.9426346
1261,-6.5194545,7.6494255,44.76712
1262,-36.73016,17.419004,12.3999195
1263,4.4950514,-32.041077,-15.376721
1264,-23.057678,-9.150311,39.19296
1265,29.208187,2.5283422,28.266226
1266,20.4369,-28.475195,18.96366
1267,27.216593,-19.59599,14.462404
1268,2.7762103,-12.901463,30.042171
1269,-23.759407,-0.59588903,24.643557
1270,9.988087,-26.085014,13.085575
1271,10.7762375,21.568367,26.058249
1272,32.10522,-6.6424994,18.593615
1273,26.995983,2.2748077,29.914803
1274,12.25979,-23.977768,-19.585253
1275,1.2976512,-12.105235,30.294912
1276,19.384382,-7.3640327,36.89042
1277,11.10969,25.545193,22.32627
1278,14.0252695,6.462103,29.3184
1279,32.579006,2.7317407,25.754805
1280,28.408247,2.4518952,28.862423
1281,-20.318117,16.029264,39.41277
1282,14.853756,16.93565,27.018269
1283,25.432657,-7.6220965,29.176329
1284,9.013403,-35.452354,-13.541573
1285,26.7241,-18.689777,14.88748
1286,28.649025,14.074266,30.252903
1287,-30.016884,-12.536105,16.187931
1288,-23.05769,-9.150309,39.192936
1289,20.105984,-21.900545,5.456733
1290,-18.586666,14.43352,36.786446
1291,-4.0733266,-2.1051164,27.778742
1292,-20.626707,-40.915947,2.222497
1293,-36.73059,17.418436,12.399411
1294,-12.408996,-23.877918,30.46421
1295,-25.512611,-2.7087417,13.121753
1296,-14.187583,-5.0617046,21.65186
1297,-0.85390705,23.46914,28.325325
1298,-3.784895,0.057991136,33.30823
1299,-30.528765,-2.2188773,34.088184
1300,-22.308924,-24.128256,9.039884
1301,-11.460906,-42.687187,6.97158
1302,-6.3309608,7.4068947,43.40722
1303,-23.23711,-7.249846,30.39768
1304,-3.9500427,-21.093174,26.670523
1305,-13.55344,-6.288368,22.491524
1306,6.552725,-33.661377,-13.707743
1307,19.85949,-22.961054,30.01825
1308,-0.68322057,-40.112885,6.390813
1309,-2.906899,2.1484535,33.60751
1310,-7.0364356,-35.423737,14.782875
1311,-26.41835,-28.330214,25.252449
1312,-10.364267,4.9116993,19.072222
1313,-12.413449,1.5759546,16.8322
1314,4.6950555,12.248083,26.698883
1315,-31.184856,-22.772861,10.458457
1316,20.115978,-21.661041,5.40388
1317,23.288877,4.064967,38.27787
1318,7.1522555,-26.784615,32.230564
1319,-0.8864995,-38.957325,7.0704536
1320,-3.5345957,-0.8770366,25.30485
1321,-31.184444,-22.772863,10.45819
1322,4.5182123,-31.011518,-15.0823965
1323,-12.773502,2.4372506,19.412111
1324,15.463867,8.835783,29.64341
1325,6.475739,-33.628788,-13.743703
1326,-12.511958,-41.54061,18.94446
1327,-11.127773,-10.947854,25.748821
1328,-10.327655,-12.678049,26.709385
1329,-20.626762,-40.916195,2.2224429
1330,-30.528753,-2.2188764,34.088203
1331,-12.057403,1.7235205,18.544983
1332,-6.23664,32.470154,21.65967
1333,-0.66666985,23.90266,28.316353
1334,-14.087322,-5.2526517,21.782948
1335,4.567474,-32.268524,-16.424086
1336,-32.40332,-20.605047,22.320406
1337,15.603289,9.625861,29.445662
1338,27.79591,13.147779,29.54617
1339,32.60528,2.7331212,25.735151
1340,-22.618029,-0.46313745,23.83877
1341,-7.0364337,-35.424812,14.782802
1342,11.791007,21.60039,25.433447
1343,14.93691,0.93529314,41.574455
1344,-4.7909408,-4.295366,35.0569
1345,-32.402237,-20.604885,22.320478
1346,27.362404,2.3219383,29.640665
1347,7.052847,-26.604998,32.07391
1348,-19.370419,15.155539,37.975624
1349,28.772413,10.846434,30.07506
1350,4.601334,11.244385,27.749874
1351,2.1306622,-20.227783,35.397995
1352,4.2581677,32.979618,16.152668
1353,-17.261526,-14.272494,31.86616
1354,-12.776108,-24.723932,31.401373
1355,25.014093,-13.291445,19.189941
1356,-4.8857865,-2.3661354,34.323803
1357,-22.325426,-22.44102,17.746424
1358,-31.258795,-7.6989207,24.770916
1359,-29.812635,-12.350574,16.16738
1360,20.613628,-28.650614,19.073593
1361,10.674552,24.551449,22.222992
1362,-24.226727,-2.9100294,13.799665
1363,9.682371,-25.787657,12.915205
1364,-12.42909,-23.924038,30.515368
1365,11.9328785,-23.923643,-19.530342
1366,3.5292964,31.202843,14.749727
1367,14.785122,16.734308,25.434095
1368,1.851306,-9.959529,39.339954
1369,-22.840105,-0.4889812,23.99471
1370,-40.67986,-15.908315,11.492016
1371,24.709288,-12.693158,20.301918
1372,27.232422,-8.434754,30.106194
1373,-5.3868113,-3.4722235,34.84574
1374,-31.457218,-7.7840166,24.94388
1375,6.154737,-14.758521,29.367111
1376,-12.646005,0.37921748,19.129503
1377,-6.0356355,32.81183,22.637293
1378,19.736193,-23.706705,6.9173083
1379,19.417505,-7.0990996,36.97331
1380,19.982769,-23.126085,30.202898
1381,12.919087,-24.333675,-18.438545
1382,15.013397,16.168585,24.521713
1383,1.0730331,-40.39675,-9.936603
1384,30.175503,2.6060064,27.54576
1385,25.21829,-7.5251293,29.065659
1386,12.800302,-22.542734,-20.160595
1387,-10.679915,4.609259,18.06462
1388,-30.84075,-13.284398,16.271103
1389,47.414238,-2.3368337,7.91877
1390,-24.548874,-2.9586763,13.892767
1391,16.177347,6.8752017,31.093075
1392,5.200365,33.213257,19.788746
1393,-9.865866,4.3735433,17.386808
1394,10.471854,24.123468,22.15687
1395,12.451794,20.502262,25.541235
1396,-12.166417,1.7071671,17.943544
1397,-40.67981,-15.908086,11.491994
1398,8.958629,-25.083887,12.51168
1399,-3.444088,-22.164515,27.352345
1400,-5.527563,33.67502,25.085451
1401,25.260624,-13.189245,21.634827
1402,-18.71491,14.551522,36.98112
1403,-21.223068,-21.719238,17.292408
1404,48.339104,-0.9591096,9.823918
1405,-4.0407085,-20.900394,26.547102
1406,15.905942,-18.570509,20.823586
1407,8.51445,28.994087,32.82778
1408,20.480392,-23.792105,30.948298
1409,4.237855,33.00419,16.690258
1410,22.037262,-24.761278,5.5138774
1411,5.083261,-32.94695,-14.494039
1412,-24.856268,-3.4004502,15.03102
1413,23.430485,4.129032,38.506245
1414,-10.632459,-12.023733,26.337055
1415,2.1306343,-20.227777,35.398003
1416,-4.183023,9.481855,22.392387
1417,-3.1869519,8.71255,22.361677
1418,-10.876245,1.478786,19.100529
1419,4.703599,33.825546,15.375949
1420,17.578192,-19.611177,19.000654
1421,9.921598,23.247532,21.82419
1422,21.34634,-29.380753,19.530245
1423,-0.5591471,-40.819023,5.9763393
1424,10.86471,-26.938257,13.574022
1425,-11.505373,5.176314,17.64096
1426,-19.898092,15.642665,38.77614
1427,-3.9550855,-0.31973085,33.445183
1428,13.703122,18.591772,25.734766
1429,4.632164,12.228013,27.0387
1430,1.6790427,-12.310423,30.229116
1431,4.223386,33.12391,18.047596
1432,7.671966,-27.728931,33.055283
1433,15.028354,0.88442075,41.830452
1434,-2.7182071,8.376399,23.4807
1435,-11.214003,-10.770529,25.656298
1436,-22.178236,-23.271528,6.536874
1437,3.7056708,-33.40811,-14.198894
1438,19.24588,-8.417358,36.5537
1439,12.469771,-24.981401,-20.490564
1440,-21.959095,-21.859655,7.17819
1441,-17.262205,-14.27248,31.86618
1442,3.3874028,33.490025,19.87336
1443,19.768137,-9.161865,37.374935
1444,-3.3688838,-0.55621487,26.675964
1445,33.15458,-6.568333,19.507772
1446,-4.312208,-2.6632123,28.182207
1447,24.52862,-12.454018,20.302141
1448,1.8513037,-9.959512,39.339848
1449,7.74443,-35.19835,-11.9374275
1450,45.610107,-4.293451,8.215431
1451,8.262517,-34.626297,-12.646065
1452,14.839533,7.0820136,29.798368
1453,45.741806,-3.510704,7.6291127
1454,-3.0531926,8.602723,22.07037
1455,4.2258453,33.28585,19.28582
1456,6.1425085,-14.75176,29.369604
1457,-5.684698,33.40766,24.33042
1458,48.58298,-2.7896757,7.143135
1459,26.548985,-8.126363,29.752722
1460,24.00278,4.388229,39.429718
1461,15.205466,7.3412056,30.0223
1462,8.571174,29.22922,32.961224
1463,0.3498101,-11.595807,30.460125
1464,11.419285,-27.479214,13.883198
1465,-4.4732428,-1.4572749,33.92678
1466,-0.92540765,-38.73612,7.200577
1467,25.551805,-13.4480095,22.357779
1468,0.59745324,0.25563097,42.736694
1469,-6.3683553,7.455035,43.677082
1470,16.450516,-19.07494,21.9242
1471,48.084293,-1.4257984,9.205327
1472,-1.283595,22.475985,28.350552
1473,-12.512072,-41.54064,18.944479
1474,16.700516,6.614484,31.673517
1475,-6.4077773,-3.5430472,35.062862
1476,4.3774214,13.29473,27.78249
1477,16.54827,-18.95732,19.995079
1478,-23.237253,-7.249826,30.397486
1479,-3.0044093,1.700163,31.855484
1480,28.043077,13.110427,29.72586
1481,14.686756,16.987232,25.884472
1482,-22.144243,-23.06039,6.958418
1483,3.7813046,31.826328,15.235669
1484,8.801208,30.180828,33.498695
1485,1.0724735,-40.39822,-9.935704
1486,21.32846,-24.339302,5.6239376
1487,11.992677,22.026533,25.178669
1488,10.5824375,-38.500767,15.598006
1489,-0.38795373,-0.14851882,43.38311
1490,15.397287,0.6791294,42.863934
1491,-13.196145,-6.9814043,22.966362
1492,47.550816,-2.3943903,7.928343
1493,-0.23798521,24.89686,28.296951
1494,26.130146,2.1610096,30.565887
1495,28.510782,11.687534,29.952179
1496,-3.4518156,-0.73032606,26.496624
1497,10.582448,-38.500786,15.598911
1498,-3.1674805,1.4503399,32.906578
1499,20.027676,-23.611193,5.833131
1500,-16.641163,5.4518766,29.92015
1501,-35.990276,13.095796,25.133768
1502,-35.990383,13.09564,25.13364
1503,-14.701601,-5.2401085,40.841053
1504,-14.701569,-5.2401385,40.840557
1505,-3.9980667,13.544077,35.606426
1506,-15.307229,6.097505,30.698402
1507,-16.76935,5.3898053,29.845373
1508,-6.4878144,13.848837,30.910273
1509,-5.3875756,13.82517,35.03228
1510,0.33705276,-18.812136,43.14732
1511,0.33704853,-18.812037,43.147358
1512,-6.4783835,13.874019,30.843952
1513,-5.1480184,13.930857,35.315186
1514,-5.557612,14.840292,36.139214
1515,13.004328,-39.93472,5.405358
1516,13.127815,-40.0449,2.9836545
1517,13.68799,-41.149445,1.7820779
1518,12.048287,-39.97395,1.6390152
1519,14.075125,-38.902687,1.5614855
1520,16.025549,-36.502518,-0.45669731
1521,16.01422,-36.51631,-0.44501323
1522,13.07739,-39.973434,4.1795382
1523,30.44449,-21.31659,26.417955
1524,0.14320509,-6.8438025,-27.603167
1525,11.352624,17.686285,39.714886
1526,10.016348,16.502382,38.970608
1527,-23.609612,2.7149634,37.99453
1528,-15.61192,29.7184,28.820229
1529,-23.609076,2.7149615,37.99482
1530,14.712414,-35.277447,24.16736
1531,9.291115,-4.132609,-18.552258
1532,14.712917,-35.278282,24.167336
1533,15.588899,10.475643,-33.29877
1534,-12.694097,7.384163,32.190742
1535,15.782479,-12.647011,28.80825
1536,-13.608406,6.9312334,31.665415
1537,11.554289,17.856174,37.254158
1538,6.032638,14.067772,39.660225
1539,11.483952,17.794386,37.450752
1540,10.976138,17.35049,38.870975
1541,2.163992,-31.969559,15.744347
1542,-37.907764,-10.619761,4.3850365
1543,-37.90753,-10.619756,4.3850417
1544,22.222662,22.685555,31.162989
1545,-7.416871,12.406086,33.297802
1546,-12.318329,7.568836,32.408676
1547,15.408726,-11.819813,28.157597
1548,3.8786805,11.672402,-25.5151
1549,15.316343,-11.61483,27.99647
1550,-28.410334,10.804013,-1.4338983
1551,-6.806263,12.999116,33.167747
1552,-33.478584,13.286937,-2.5289369
1553,5.435357,9.70172,37.945225
1554,-9.757331,24.23047,33.230343
1555,5.5988283,9.75685,38.224636
1556,-9.807147,24.381496,33.456703
1557,2.2018354,-32.241768,15.774271
1558,6.308187,13.1364565,39.8625
1559,-15.00771,-16.34007,40.561787
1560,6.0020485,12.093404,39.193806
1561,5.799718,11.163591,38.736893
1562,6.100387,8.878128,38.946564
1563,-10.008258,24.991165,34.370213
1564,6.946435,12.926282,40.901943
1565,-15.0077095,-16.340069,40.56096
1566,29.239458,-20.953716,25.820164
1567,22.38373,22.841248,31.325743
1568,13.101623,-19.218681,39.138744
1569,5.8522305,22.359562,-27.989626
1570,13.02944,42.098106,0.50464815
1571,27.862616,-30.721672,0.38083142
1572,28.42191,-29.035511,-1.3983221
1573,23.023914,23.462399,31.977999
1574,7.2964773,8.881086,-21.471748
1575,8.775164,-2.5402744,-17.951029
1576,-15.6119995,29.718395,28.819721
1577,-19.991497,-7.104003,-20.35662
1578,7.6855693,4.94239,-25.120298
1579,-22.884314,7.510458,-20.068165
1580,-17.145353,-10.181692,12.11476
1581,-32.515766,7.1037583,16.110153
1582,-0.002585086,19.724562,-9.94001
1583,-23.62587,7.5124087,17.189562
1584,-0.9063158,-8.678236,-27.633001
1585,-32.787025,6.999192,16.226791
1586,-24.509928,8.195208,19.31603
1587,-24.231142,7.4818115,17.029192
1588,-24.558336,8.422695,20.045025
1589,-25.362942,7.67921,17.579712
1590,-22.743876,8.40247,16.876135
1591,-25.146055,7.1847816,15.945606
1592,24.276901,9.829966,-31.523476
1593,17.538427,10.655557,-35.31698
1594,8.72952,-17.59065,10.867698
1595,-11.459105,7.9824467,32.920776
1596,6.63757,10.299919,3.112788
1597,-34.806637,14.713059,-3.0811336
1598,-37.683422,-20.462114,-1.042492
1599,-37.613148,-20.232933,-0.8830294
1600,-22.8015,6.5485992,17.437494
1601,-15.601941,19.47624,-10.139503
1602,3.7664783,-7.9938965,-12.885203
1603,2.9675555,-1.8061028,-17.632114
1604,3.3286786,-5.53376,-24.604698
1605,-28.599056,13.574809,-3.1559772
1606,-0.70277333,20.305584,-10.19013
1607,11.575384,-7.6645565,0.5468473
1608,11.508637,-7.8295617,0.75260454
1609,28.525696,-30.576683,-0.37016425
1610,29.249025,-31.26384,-0.57112175
1611,28.43547,-29.234503,-1.2652518
1612,3.910917,-5.2208505,-23.102026
1613,4.295377,-9.971882,-11.238127
1614,18.97139,31.611034,23.76751
1615,-33.34122,-13.858535,-16.84239
1616,5.332428,-6.386874,-18.151405
1617,18.752426,9.25911,-30.872303
1618,22.38631,1.4624194,-14.356588
1619,-24.854372,-29.05851,-3.0496333
1620,-4.4157557,-5.9364247,-12.683301
1621,-4.032134,-4.675387,-11.99977
1622,-4.482812,-5.79313,-12.577333
1623,-4.6808996,14.127837,-43.673393
1624,-4.6809807,14.128105,-43.673683
1625,4.3599334,-4.9974675,-21.670347
1626,6.6864557,12.338232,-20.05122
1627,-28.179625,0.5177004,-0.7995796
1628,4.045098,-6.9227653,-12.588989
1629,2.4094493,-4.576674,-24.481266
1630,19.352169,32.50504,24.320608
1631,1.3865314,-43.768738,16.746996
1632,1.3865274,-43.768085,16.746996
1633,-29.84849,16.272465,-6.4518867
1634,-29.627602,16.705276,-5.6797
1635,-22.285997,-23.902365,5.143278
1636,16.417818,10.176818,-33.53832
1637,5.6140046,-17.100473,-11.359717
1638,3.4170663,24.594524,-13.389831
1639,8.121066,-14.752437,-12.9236355
1640,13.138818,-40.105118,2.3605998
1641,18.16917,2.0119915,-14.8396225
1642,17.64203,1.1930076,-15.01044
1643,5.0214176,5.6128287,-28.858864
1644,16.142673,0.50781655,-27.197538
1645,11.997491,-8.802457,1.3812845
1646,8.51793,-3.5231838,-18.199034
1647,12.954269,-39.908447,6.2471843
1648,6.7438326,8.378979,-20.913858
1649,17.270048,-5.82108,-30.822216
1650,4.3631883,5.208771,-27.993818
1651,17.218138,14.261852,-22.87507
1652,-27.566523,24.757612,-0.8589557
1653,6.4460754,5.0467772,-24.984575
1654,6.2381315,4.105084,-24.190454
1655,-37.051697,4.9897647,0.13353808
1656,-36.69983,4.594601,0.7379481
1657,17.635683,10.616522,-31.144253
1658,17.910387,10.248174,-31.112543
1659,23.07433,0.7166888,-14.395013
1660,4.894789,15.555338,-23.424816
1661,6.1852407,-16.707573,-13.427146
1662,7.502949,6.5999985,-20.933533
1663,-19.794317,18.170994,-9.219124
1664,-27.585886,24.73742,-0.85861117
1665,16.708588,10.83226,-30.119162
1666,25.348673,11.258473,-2.7288694
1667,17.689083,10.746582,-19.570536
1668,-38.37645,-22.641245,0.11301117
1669,-3.93826,21.58097,-0.5191095
1670,4.521256,-15.106701,-14.934788
1671,4.9759912,-15.293059,-14.269048
1672,3.2776494,-1.6303167,-16.665178
1673,24.445568,9.892618,-30.853695
1674,-0.106489316,-7.201641,-29.260147
1675,-25.157433,10.760412,-20.752771
1676,5.950205,-15.737982,-12.8827715
1677,7.265374,-15.118809,-12.8950205
1678,-26.907135,12.687051,-3.7164176
1679,-19.435577,-15.599199,-8.261809
1680,7.803369,0.7450654,-6.008114
1681,18.411306,15.063036,-18.748133
1682,-17.110056,-10.7884,11.586724
1683,-2.611713,-13.926217,49.93187
1684,-34.171047,-33.28162,5.6967926
1685,-17.077587,-30.157999,22.030579
1686,-2.611705,-13.926262,49.93201
1687,-34.169815,-33.281765,5.696788
1688,-17.07778,-30.157997,22.030548
1689,-24.868383,10.291677,-20.578627
1690,29.478468,-21.025558,25.938692
1691,2.3546703,-33.34153,15.894869
1692,9.680948,0.5668454,-2.2220955
1693,-0.18954414,-9.534849,17.892515
1694,4.023111,-10.500501,-10.54138
1695,20.087973,5.105761,-17.853498
1696,4.0396366,24.26997,-13.383961
1697,20.123,13.415915,-21.030207
1698,-34.790974,21.4446,-0.62090725
1699,5.2076955,-4.7020564,-16.485605
1700,17.111944,10.453552,-34.596252
1701,4.6659665,-9.251493,-12.110795
1702,3.4913912,-1.436045,-18.459593
1703,5.304313,-4.7901483,-17.759073
1704,5.219995,-4.6357136,-17.973896
1705,7.3572783,-3.9449382,-18.076155
1706,4.2561817,-6.072887,-12.302422
1707,3.8193073,-5.4722304,-25.034784
1708,18.877653,31.389814,23.630768
1709,2.90532,-6.718183,-24.195358
1710,6.0201225,-17.714003,-10.526069
1711,21.956835,6.9374475,-13.005802
1712,15.938454,11.303675,-27.175655
1713,-30.346497,22.099936,-0.59103256
1714,6.0178986,5.457613,-25.280933
1715,25.055288,11.103805,-28.489395
1716,0.19525942,32.101776,-27.741585
1717,15.040594,-12.987884,-25.905687
1718,3.4446888,5.760568,-27.90144
1719,-38.086716,-21.726301,-0.38787413
1720,3.531169,6.5991793,1.0100203
1721,3.6387496,12.172447,-25.136246
1722,19.958557,15.949571,-21.142418
1723,-30.98741,-16.915596,-15.797451
1724,5.652235,6.8528295,-24.627785
1725,17.137125,0.53477776,-15.321394
1726,25.201712,9.047463,-21.380182
1727,20.612888,4.8999734,-11.819347
1728,5.394415,-15.008547,-12.188929
1729,15.76015,8.222819,-33.922394
1730,1.7423271,-6.1607,-26.228903
1731,-33.692627,13.532753,-4.295938
1732,25.212254,10.091311,-28.658442
1733,2.5173175,-8.302721,-13.587223
1734,5.359298,-7.211177,-18.350918
1735,2.2869833,-8.661292,-14.337661
1736,-22.918062,-7.205671,-20.881536
1737,16.056278,11.495226,-26.198648
1738,-4.918313,-34.6032,-17.609575
1739,17.994652,11.833594,-31.417511
1740,6.3465886,-18.190203,-9.887734
1741,-8.5285015,-27.528315,-8.76237
1742,-33.74453,-13.336806,-17.206068
1743,-1.4599833,-6.442384,-28.057014
1744,-0.3782359,-7.0324183,-28.070484
1745,-6.5740075,18.182129,3.1871948
1746,5.7540307,8.181634,-20.369003
1747,19.94838,17.136684,-14.095927
1748,5.230082,5.3915787,-26.531914
1749,-5.8573103,-20.265665,-14.800158
1750,3.523448,-21.964516,22.135117
1751,-13.654787,12.451786,13.618645
1752,7.182488,0.31454214,-6.320923
1753,27.880035,4.253426,-7.071843
1754,-9.920395,4.147752,-2.5658793
1755,-12.753006,13.317079,-5.4286017
1756,-15.177346,-31.050932,12.293779
1757,9.560229,-6.376029,21.030273
1758,-31.876001,7.944764,2.516469
1759,10.281908,-6.4779773,20.777462
1760,29.915459,11.446789,-5.5258946
1761,0.49235973,-10.353165,-2.5288193
1762,29.756565,-7.4651127,1.6661656
1763,-17.85477,-14.819164,-29.14227
1764,-17.867575,-13.946829,-29.011118
1765,-12.3951645,-13.705486,-31.796782
1766,15.198205,22.883522,-18.728622
1767,-25.34183,21.764565,-7.9810233
1768,31.71157,2.6130137,5.671816
1769,-24.92559,17.097942,-9.337486
1770,-27.871244,10.979587,-6.8090687
1771,-4.3298764,-25.57586,12.160611
1772,6.5161343,0.79998374,24.449936
1773,27.233484,5.0364294,-6.4221377
1774,-35.17433,-4.2647867,14.731363
1775,-13.154448,-11.371154,-31.850174
1776,-17.964,-15.707399,-28.97505
1777,34.739243,15.663735,3.4076478
1778,33.237663,7.5217686,-10.424314
1779,7.4799824,-5.035679,20.885489
1780,-7.8068085,5.1524014,-4.515632
1781,38.49158,-13.747764,-4.7741523
1782,29.296114,1.3356297,1.0162873
1783,-12.379758,-34.411312,28.759975
1784,0.42234266,16.771507,-32.53676
1785,28.109701,-12.804173,2.2891314
1786,0.21800347,-27.826704,-26.56931
1787,18.899353,-0.9205891,-9.937595
1788,9.965755,1.0852675,7.83194
1789,38.10872,-13.774337,-4.5041637
1790,29.61289,-14.750758,2.6597037
1791,34.39644,-0.4641134,11.237933
1792,39.37671,-13.68972,-5.397017
1793,37.213364,-13.837605,-3.8719974
1794,29.743515,-14.920508,2.6918862
1795,-12.379745,-34.411217,28.75998
1796,12.541904,-17.930138,36.90513
1797,36.81417,17.739965,3.366303
1798,3.9429162,14.213254,-20.251844
1799,6.525925,0.6050612,24.351358
1800,-1.3894519,-30.300793,-24.642714
1801,18.429262,35.177113,12.218407
1802,-14.8565445,-3.3640232,-9.052448
1803,-1.3532795,-29.053982,-23.141598
1804,-0.5064354,10.045003,-6.113926
1805,-14.492373,-3.4712515,-8.8946085
1806,12.287819,40.26881,0.9903587
1807,28.36919,3.5928926,-7.8917775
1808,29.05795,0.16053377,-0.7802238
1809,9.872793,-4.4174204,34.04053
1810,29.915228,4.1689177,-5.349522
1811,-5.617185,6.415691,-6.47749
1812,-21.459549,-10.390945,20.587269
1813,3.655608,21.544056,-23.94264
1814,13.712545,40.835983,2.3279915
1815,31.177763,-4.6211643,-3.5438142
1816,9.4059925,3.2829332,-1.3076634
1817,-36.175396,-4.4682336,15.7324505
1818,-21.351706,-10.218529,20.451391
1819,19.578112,0.93357223,-9.969168
1820,19.4441,-8.065377,8.701867
1821,36.91808,18.065392,2.0058107
1822,13.456416,26.00531,2.8588762
1823,7.3302484,-6.032573,21.805496
1824,29.246326,2.0401292,3.4532797
1825,22.83032,-10.09586,7.59605
1826,-4.901463,-34.573883,-17.609835
1827,20.43274,-7.043196,7.6473417
1828,20.412031,-7.2708807,8.847752
1829,31.049072,2.3876746,5.2132425
1830,16.195711,22.924118,-18.100155
1831,-20.740208,-14.704823,-31.581488
1832,-22.082315,-11.387276,21.372152
1833,19.532011,-3.7591395,7.8100853
1834,7.33304,21.348007,-28.319332
1835,-20.122644,-15.136715,-32.189575
1836,33.99751,9.9276,-11.147485
1837,26.64081,-12.567592,2.0484884
1838,11.548156,-25.766151,24.644743
1839,-40.627506,-11.530261,21.252054
1840,-15.006253,-30.847725,12.2810955
1841,11.548167,-25.76721,24.64446
1842,8.736224,7.833056,19.012589
1843,-40.627556,-11.53024,21.252718
1844,11.599361,-10.939262,13.413288
1845,28.32772,-10.914357,2.1611257
1846,21.94272,-10.249695,8.472931
1847,-16.304659,38.394592,23.14957
1848,34.80343,9.024408,-11.449366
1849,-24.678957,12.482797,-1.9878137
1850,18.077408,-2.1406724,9.979037
1851,31.810738,2.7925591,-10.181891
1852,-4.993304,-2.9772243,-39.252804
1853,31.502802,12.510073,-6.588771
1854,-20.898125,13.906601,-3.6201763
1855,-12.152178,12.034103,11.617411
1856,-11.799666,-21.449072,-14.321186
1857,-31.237877,-2.2929559,-24.92509
1858,-17.13484,-1.9075257,-10.4800415
1859,32.201954,0.67340976,-10.763308
1860,19.42528,-13.314083,-5.6234813
1861,13.685902,-4.4903207,-31.149752
1862,29.2801,4.194875,-5.8896446
1863,13.216597,-1.3799484,5.8116994
1864,36.78401,17.737175,3.1135893
1865,-4.5306067,18.743723,44.47599
1866,32.118282,2.3352292,10.873127
1867,-0.55799013,9.742721,-6.870097
1868,8.286282,-0.008616581,9.444362
1869,18.349901,-2.8451996,9.650619
1870,12.976539,-0.24539874,5.9787703
1871,-12.382359,13.238532,-6.2284756
1872,-12.979226,-16.257072,-31.160784
1873,-13.783627,12.444989,14.43423
1874,25.141884,9.488365,-2.323627
1875,19.217293,35.591824,12.603713
1876,-11.94447,3.7762876,-0.69225156
1877,-22.533987,-12.107985,21.940828
1878,-17.165815,-5.959534,-19.460852
1879,27.731773,9.275952,-4.7962046
1880,21.146324,-10.842149,8.166301
1881,16.608997,-15.295862,-30.279861
1882,17.50009,-15.12961,-29.936186
1883,6.820059,21.922464,-27.294537
1884,10.605195,0.48726562,7.328585
1885,-17.293928,-33.561676,12.45354
1886,12.87144,-18.689997,38.221813
1887,-4.530352,18.743692,44.47729
1888,12.771161,-18.459114,37.822
1889,-12.1320715,5.773428,1.3792847
1890,-11.589353,5.849782,0.07718618
1891,35.74173,14.301388,5.423641
1892,-1.5643497,-22.342234,-0.038481783
1893,-2.4315567,-16.979872,12.979882
1894,-8.776333,4.633453,-3.6451383
1895,-1.1291677,14.296552,-30.709036
1896,30.215117,2.2053447,4.4044685
1897,-5.23208,-11.155829,18.56321
1898,7.9362745,-1.5471652,35.002613
1899,0.02137796,-27.890594,-26.44222
1900,-9.835979,4.004606,-2.666603
1901,33.866108,0.12669277,10.954989
1902,30.687065,-4.1020904,-3.1480474
1903,29.56514,-2.8913574,-2.2785609
1904,-11.882798,4.679535,-1.1139416
1905,-1.2859564,-28.307032,-25.608383
1906,-4.8314857,-24.800232,8.584935
1907,-2.105227,-27.849543,-25.848707
1908,32.77475,0.14019246,-11.13674
1909,-26.11173,14.682658,-3.5835187
1910,-34.04074,-3.448494,15.055055
1911,20.931004,19.480309,-12.478922
1912,18.46813,-4.951569,9.919393
1913,-4.824398,-21.885658,-18.050287
1914,-35.048073,-4.125732,14.886445
1915,5.644838,21.048054,-26.26441
1916,-3.6769664,-4.3259144,-39.92774
1917,-4.177783,-24.648716,9.538722
1918,33.03203,1.0614902,10.51829
1919,32.705288,1.4376949,10.376225
1920,9.844557,-3.1953273,34.026787
1921,-13.395846,12.492826,11.951828
1922,-12.972996,12.9376,-4.601973
1923,29.582449,-5.755343,0.15282016
1924,9.352632,-13.4402,14.186006
1925,10.891852,-2.9013731,33.4692
1926,35.12875,15.533228,3.8312407
1927,3.7504551,19.72572,4.986081
1928,6.417377,2.765809,13.991055
1929,31.26738,1.5354182,-10.147346
1930,6.5874724,-0.61716145,23.733303
1931,13.977783,0.2859166,6.285792
1932,32.205418,1.6156349,8.773467
1933,4.6499796,15.167355,-34.805653
1934,10.215087,1.1480716,-5.899375
1935,-16.053553,-32.090046,12.359948
1936,-10.74564,-9.628566,-4.3628645
1937,6.8116026,-4.0597234,22.61584
1938,-7.285117,-19.438774,-10.704928
1939,4.290894,-6.0818233,19.777964
1940,-3.7940412,-24.62042,10.038727
1941,17.07651,34.361454,10.440918
1942,-17.902977,-5.9815063,-19.382195
1943,-7.283963,-14.605138,35.480965
1944,7.728415,21.507902,-26.557379
1945,-1.3554541,-14.586207,-23.419401
1946,-7.2839746,-14.605369,35.480854
1947,4.93381,-6.076484,20.209822
1948,-13.431639,12.810382,11.887785
1949,-6.228805,6.8594713,-6.2596297
1950,-4.1405993,-25.231348,11.428592
1951,20.356043,-4.4120727,9.595391
1952,21.626707,-7.045402,8.957438
1953,-1.3401827,-29.38546,-24.507093
1954,29.574457,-7.6404686,1.5567727
1955,27.903444,0.7919678,3.0567489
1956,32.0241,12.919179,-6.9108834
1957,-16.741785,-32.906174,12.411827
1958,-5.2114263,-3.770476,-41.079952
1959,8.554255,-2.0809305,34.685017
1960,9.389723,-2.802598,34.258045
1961,22.36081,-10.37904,9.48774
1962,35.512947,14.803384,4.786912
1963,17.656834,0.62809855,-9.896919
1964,16.983532,34.448498,11.880618
1965,17.484045,-0.1634889,-26.045563
1966,17.20369,34.535904,11.676925
1967,-25.349983,21.807775,-7.9869595
1968,10.429837,7.256117,19.188013
1969,6.857582,3.6095095,12.304005
1970,8.84017,-0.036332417,10.048497
1971,12.324426,0.07832491,5.8915505
1972,-14.300258,11.721245,11.27675
1973,28.503342,5.5430202,-7.8843875
1974,8.225604,2.3811195,12.587426
1975,28.064795,2.9216452,2.74958
1976,6.3064423,1.7410921,12.1218815
1977,9.2577715,6.137423,17.222765
1978,-12.900334,5.0137243,-1.939677
1979,9.491605,7.2408867,18.685152
1980,18.047573,-4.8506856,8.208037
1981,-16.304758,38.392616,23.147926
1982,3.5074987,3.7593036,12.925394
1983,-13.6987295,5.237116,-2.5384803
1984,28.823336,2.0053022,3.098084
1985,27.843159,-12.561829,2.2289593
1986,9.284151,6.268067,17.397917
1987,4.1025853,-19.592712,22.163158
1988,30.33147,-2.809719,-1.4630203
1989,6.9919186,2.4329305,12.986176
1990,-9.693381,2.6941116,-2.7741907
1991,-16.428888,24.307783,-13.86756
1992,7.301147,1.1583043,13.753044
1993,18.96907,-4.452897,8.955031
1994,28.953316,-0.42313007,-1.9695711
1995,4.041011,-19.845503,22.15994
1996,-4.7127476,-3.8052938,-40.02815
1997,3.7231421,-21.147308,22.144505
1998,3.7369223,2.9143255,13.217807
1999,8.314705,3.8147519,14.507307
